Autores,Título,Fonte do artigo,Palavras-chave,Resumo do artigo,Endereço dos Autores,Instituição de vínculo dos autores,Agência de Fomento,Contagem do número de citações,Ano da publicação,Áreas de pesquisa
"Wazid, M; Das, AK; Rodrigues, JJPC; Shetty, S; Park, Y",IoMT Malware Detection Approaches: Analysis and Research Challenges,IEEE ACCESS,Internet of Things (IoT); Internet of Medical Things (IoMT); security; IoT malware; malware detection,"The advancement in Information and Communications Technology (ICT) has changed the entire paradigm of computing. Because of such advancement, we have new types of computing and communication environments, for example, Internet of Things (IoT) that is a collection of smart IoT devices. The Internet of Medical Things (IoMT) is a specific type of IoT communication environment which deals with communication through the smart healthcare (medical) devices. Though IoT communication environment facilitates and supports our day-to-day activities, but at the same time it has also certain drawbacks as it suffers from several security and privacy issues, such as replay, man-in-the-middle, impersonation, privileged-insider, remote hijacking, password guessing and denial of service (DoS) attacks, and malware attacks. Among these attacks, the attacks which are performed through the malware botnet (i.e., Mirai) are the malignant attacks. The existence of malware botnets leads to attacks on confidentiality, integrity, authenticity and availability of the data and other resources of the system. In presence of such attacks, the sensitive data of IoT communication may be disclosed, altered or even may not be available to the authorized users. Therefore, it becomes essential to protect the IoT/IoMT environment from malware attacks. In this review paper, we first perform the study of various types of malware attacks, and their symptoms. We also discuss some architectures of IoT environment along with their applications. Next, a taxonomy of security protocols in IoT environment is provided. Moreover, we conduct a comparative study on various existing schemes for malware detection and prevention in IoT environment. Finally, some future research challenges and directions of malware detection in IoT/IoMT environment are highlighted.","[Wazid, Mohammad] Graph Era Deemed Be Univ, Dept Comp Sci & Engn, Dehra Dun 248002, India; [Das, Ashok Kumar] Int Inst Informat Technol, Ctr Secur Theory & Algorithm Res, Hyderabad 500032, India; [Rodrigues, Joel J. P. C.] Fed Univ Piaui UFPI, PPGEE, BR-64049550 Teresina, Brazil; [Rodrigues, Joel J. P. C.] Inst Telecomunicacoes, P-1049001 Lisbon, Portugal; [Shetty, Sachin] Old Dominion Univ, Virginia Modeling Anal & Simulat Ctr, Dept Computat Modeling & Simulat Engn, Suffolk, VA 23435 USA; [Park, Youngho] Kyungpook Natl Univ, Sch Elect Engn, Daegu 41566, South Korea",Graphic Era University; International Institute of Information Technology Hyderabad; Universidade Federal do Piaui; Instituto de Telecomunicacoes; Old Dominion University; Kyungpook National University,"Basic Science Research Program through the National Research Foundation of Korea (NRF) - Ministry of Science, ICT and Future Planning [2017R1A2B1002147]; Fundacao para a Ciencia e a TecnologiaPortuguese Foundation for Science and TechnologyEuropean Commission [UID/EEA/50008/2019]; Brazilian National Council for Scientific and Technological Development (CNPq)Conselho Nacional de Desenvolvimento Cientifico e Tecnologico (CNPQ) [309335/2017-5]; Office of the Assistant Secretary of Defense for Research and Engineering [OASD (RE)] [FA8750-15-2-0120]",102,2019,Computer Science; Engineering; Telecommunications
"Ammad, M; Shah, MA; Ul Islam, S; Maple, C; Alaulamie, AA; Rodrigues, JJPC; Mussadiq, S; Tariq, U",A Novel Fog-Based Multi-Level Energy-Efficient Framework for IoT-Enabled Smart Environments,IEEE ACCESS,Cloud computing; Energy consumption; 5G mobile communication; Intelligent sensors; Software; Internet of Things; Energy efficiency; IoT; fog; cloud; energy constraint devices; smart environment,"The Internet of Things (IoT) has emerged as a promising paradigm to enhance the living standard of human life by employing varied smart devices including smart phones, smart watches, sensors, on-board units and other networking equipment. However, these devices consume a considerable amount of energy to perform their operations that has a significant impact on the environment, product cost and life of the device. Given this fact, energy-efficient solutions for smart environments have gained great attention from researchers and the industrial community. In this context, a novel fog-based multi-level energy-efficient framework for IoT-enabled smart environments has been proposed. To achieve this, the proposed framework adds additional two layers in the existing IoT-fog-cloud architecture - sensors-based energy-efficient hardware layer and policy layer, to monitor the energy consumption and to enable the energy-aware decision making. Initially, the main sources of energy consumption in an IoT-enabled smart environment are identified. Further, the energy requirements of a device to perform a specific task are estimated. Moreover, the alternative devices to perform the same task using less energy are searched out. Finally, a device or a set of devices, to process the job consuming lower energy while ensuring the job requirements, is selected. To validate the proposed framework, four case studies are considered - smart parking, smart hospital specifically ICU, smart agriculture and smart airport. Simulations are conducted using iFogsim toolkit and results show that a significant amount of energy can be conserved by employing the proposed framework.","[Ammad, Muhammad; Shah, Munam Ali] COMSATS Univ Islamabad, Dept Comp Sci, Islamabad 45550, Pakistan; [Ul Islam, Saif] Inst Space Technol, Dept Comp Sci, Islamabad 44000, Pakistan; [Maple, Carsten] Univ Warwick, WMG, Coventry CV4 7AL, W Midlands, England; [Alaulamie, Abdullah A.] King Faisal Univ, Dept Informat Syst, Al Hasa 43518, Saudi Arabia; [Rodrigues, Joel J. P. C.] Fed Univ Piaui UFPI, Postgrad Program Elect Engn, BR-64049 Teresina, Brazil; [Mussadiq, Shafaq] Kohat Univ Sci & Technol, Inst Comp, Kohat 26000, Pakistan; [Tariq, Usman] Prince Sattam Bin Abdulaziz Univ, Coll Comp Engn & Sci, Alkharj 11942, Saudi Arabia; [Rodrigues, Joel J. P. C.] Inst Telecomunicacoes, P-1049001 Lisbon, Portugal",COMSATS University Islamabad (CUI); University of Warwick; Universidade Federal do Piaui; Kohat University of Science & Technology; Prince Sattam Bin Abdulaziz University; Instituto de Telecomunicacoes,EPSRC through grant AutotrustUK Research & Innovation (UKRI)Engineering & Physical Sciences Research Council (EPSRC) [EP/R029563/1]; EPSRC through grant Alan Turing InstituteUK Research & Innovation (UKRI)Engineering & Physical Sciences Research Council (EPSRC) [EP/N510129/1]; FCT/MCTESPortuguese Foundation for Science and TechnologyEuropean Commission; EU funds [UIDB/EEA/50008/2020]; Brazilian National Council for Scientific and Technological Development (CNPq)Conselho Nacional de Desenvolvimento Cientifico e Tecnologico (CNPQ) [309335/2017-5]; EPSRCUK Research & Innovation (UKRI)Engineering & Physical Sciences Research Council (EPSRC) [EP/R007195/1] Funding Source: UKRI,42,2020,Computer Science; Engineering; Telecommunications
"Alhussian, H; Zakaria, N; Patel, A; Jaradat, A; Abdulkadir, SJ; Ahmed, AY; Bahbouh, HT; Fageeri, SO; Elsheikh, AA; Watada, J",Investigating the Schedulability of Periodic Real-Time Tasks in Virtualized Cloud Environment,IEEE ACCESS,Real-time; cloud computing; virtual machine; deadline; laxity,"In this paper, we developed a computing architecture and algorithms for supporting soft real-time task scheduling in a cloud computing environment through the dynamic provisioning of virtual machines. The architecture integrated three modified soft real-time task scheduling algorithms, namely, Earliest Deadline First, Earliest Deadline until Zero-Laxity, and Unfair Semi-Greedy. A deadline look-a-head module was incorporated into each of the algorithms to fire deadline exceptions and avoid the missing deadlines, and to maintain the system criticality. The results of the implementation of the proposed algorithms are presented in this paper in terms of the average deadline exceptions, the extra resources consumed by each algorithm in handling deadline exceptions, and the average response time. The results not only suggest the feasibility of the soft real-time scheduling of periodic real-time tasks in cloud computing but that the process can also be scaled up to handle the near-hard real-time task scheduling.","[Alhussian, Hitham; Zakaria, Nordin] Univ Teknol PETRONAS, Inst Autonomous Syst, HPC3, Bandar Seri Iskandar 32610, Malaysia; [Patel, Ahmed] Univ Estadual Ceara, Comp Networks & Secur Lab, BR-60020181 Fortaleza, Ceara, Brazil; [Jaradat, Ayman] Majmaah Univ, Coll Sci & Human Studies, Dept Comp Sci, Hutat Sudair 11932, Majmaah, Saudi Arabia; [Abdulkadir, Said Jadid; Watada, Junzo] Univ Teknol PETRONAS, Ctr Res Data Sci, Inst Autonomous Syst, Bandar Seri Iskandar 32610, Malaysia; [Ahmed, Abdelaziz Y.] Univ Teknol PETRONAS, Dept Elect Engn, Bandar Seri Iskandar 32610, Malaysia; [Bahbouh, Hussein T.] Damascus Univ, Coll Mech & Elect Engn, Damascus 5442, Syria; [Fageeri, Sallam Osman] Alzaeim Alazhari Univ, Coll Comp Sci & Informat Technol, Khartoum 13311, Sudan; [Elsheikh, Asim Abdallah] Tabuk Univ, Coll Comp Sci & Informat Technol, Tabuk 71491, Saudi Arabia",Universiti Teknologi Petronas; Universidade Estadual do Ceara; Majmaah University; Universiti Teknologi Petronas; Universiti Teknologi Petronas; University of Tabuk,University Teknologi Petronas (UTP)-Malaysia [0153AA-F54]; Majmaah University [1440-46],34,2019,Computer Science; Engineering; Telecommunications
"Kamienski, C; Jentsch, M; Eisenhauer, M; Kiljander, J; Ferrera, E; Rosengren, P; Thestrup, J; Souto, E; Andrade, WS; Sadok, D",Application development for the Internet of Things: A context-aware mixed criticality systems development platform,COMPUTER COMMUNICATIONS,Internet of Things; System development platform; Smart building; Context-aware management; Mixed-criticality systems; Energy-efficiency management,"The Internet of Things (IoT) is gaining momentum and may positively influence the automation of energy-efficiency management of smart buildings. However, the development of IoT-enabled applications still takes tremendous efforts due to the lack of proper tools. Many software components have to be developed from scratch, thus requiring huge amounts of effort, as developers must have a deep understanding of the technologies, the new application domain, and the interplay with legacy systems. In this paper we introduce the IMPReSS Systems Development Platform (SDP) that aims at reducing the complexity of developing IoT-enabled applications for supporting sensor data collection in buildings, managing automated system changes according to the context, and real-time prioritization of devices for controlling energy usage. The effectiveness of the SDP for the development of IoT-based context-aware and mixed-criticality applications was assessed by using it in four scenarios involving energy efficiency management in public buildings. Qualitative studies were undertaken with application developers in order to evaluate their perception of five key components of the SDP with regard to usability. The study revealed significant and encouraging results. Further, a quantitative performance analysis explored the scalability limits of the IMPReSS communication components. (C) 2016 Elsevier B.V. All rights reserved.","[Kamienski, Carlos] Fed Univ ABC, Ave Estados 5001, Santo Andre, Brazil; [Jentsch, Marc; Eisenhauer, Markus] Fraunhofer FIT, Konrad Adenauer Str 53754, St Augustin, Germany; [Kiljander, Jussi] VTT Tech Res Ctr, Kaitovayla 1, Oulu, Finland; [Ferrera, Enrico] Ist Super Mario Boella, Via Pier Carlo Boggio 61, Turin, Italy; [Rosengren, Peter] CNet Svenska, Svardvagen 3 B 4tr, Danderyd, Sweden; [Thestrup, Jesper] In JeT ApS, Jeppe Aakjaers Vej 15, Birkerod, Denmark; [Souto, Eduardo] Univ Fed Amazonas, Ave Gen Rodrigo Octavio 6200, Manaus, Amazonas, Brazil; [Andrade, Walter S.; Sadok, Djamel] Univ Fed Pernambuco, Ave Prof Moraes Rego Av, Recife, PE, Brazil",Universidade Federal do ABC (UFABC); Fraunhofer Gesellschaft; Fraunhofer Institute Center Schloss Birlinghoven; VTT Technical Research Center Finland; Universidade Federal de Amazonas; Universidade Federal de Pernambuco,European CommissionEuropean CommissionEuropean Commission Joint Research Centre; CNPqConselho Nacional de Desenvolvimento Cientifico e Tecnologico (CNPQ) [614100],27,2017,Computer Science; Engineering; Telecommunications
"Shahzadi, R; Anwar, SM; Qamar, F; Ali, M; Rodrigues, JJPC; Alnowami, M",Secure EEG Signal Transmission for Remote Health Monitoring Using Optical Chaos,IEEE ACCESS,EEG signal; Emotiv; semiconductor laser; optical chaos; additive chaos masking; synchronization; remote health monitoring; long haul,"For the very first time, we present the use of optical chaos for the secure transmission of electroencephalogram (EEG) signals through optical fiber medium in remote health monitoring systems. In our proposed scheme, a semiconductor laser source is used to generate optical chaos, which hides EEG signal before its transmission over the optical fiber medium. The EEG signals are acquired by using a 14-channel Emotiv headset device, which are then processed and rescaled to be compatible with the experimental environment (Optisystem). The mixing of EEG signals and chaos is performed using additive chaos masking scheme, which exhibits certain useful properties such as simplicity and easy recovery of the message. Chaotic data (a combination of EEG signals and chaos) is sent over the optical fiber medium to investigate propagation issues associated with secure EEG signal transmission. The scheme is implemented for long haul communication in which the linear impairments of optical fiber are controlled for successful transmission of the secure signal. The parameters at transmitting and receiving sides are selected to achieve synchronization, such that the transmitted signal could be subtracted from identical chaos to restore the original EEG signal at the receiving side. The scheme is tested for different lengths of the optical fiber cable in which the quality of the received signal is determined by obtaining Q-factors. This scheme could also be used with medical signals such as electrocardiography and electromyography.","[Shahzadi, Romana; Anwar, Syed Muhammad; Qamar, Farhan; Ali, Mudassar] Univ Engn & Technol, Dept Telecommun & Informat Engn, Taxila 47050, Pakistan; [Anwar, Syed Muhammad] Univ Cent Florida, Ctr Res Comp Vis, Orlando, FL 32816 USA; [Rodrigues, Joel J. P. C.] Natl Inst Telecommun Inatel, BR-37540000 Santa Rita Do Sapucai, Brazil; [Rodrigues, Joel J. P. C.] Inst Telecomunicacoes, P-1049001 Lisbon, Portugal; [Rodrigues, Joel J. P. C.] Univ Fed Piaui, PPGEE, Campus Minist Petronio Portella, BR-64049550 Teresina, Brazil; [Alnowami, Majdi] King Abdulaziz Univ, Dept Nucl Engn, Med Phys Grp, Jeddah 21589, Saudi Arabia",University of Engineering & Technology Taxila; State University System of Florida; University of Central Florida; Instituto Nacional de Telecomunicacoes (INATEL); Instituto de Telecomunicacoes; Universidade Federal do Piaui; King Abdulaziz University,,39,2019,Computer Science; Engineering; Telecommunications
"Ravelo, B; Ngoho, S; Fontgalland, G; Rajaoarisoa, L; Rahajandraibe, W; Vauche, R; Xu, ZF; Wan, FY; Ge, JX; Lallechere, S",Original Theory of NGD Low Pass-High Pass Composite Function for Designing Inductorless BP NGD Lumped Circuit,IEEE ACCESS,Topology; Cutoff frequency; Circuit theory; Frequency synthesizers; Microwave circuits; Resistors; Bandpass (BP) negative group delay (NGD); low-pass; high-pass (LP-HP) NGD composite; circuit theory; inductorless passive topology,"This paper aims to develop an original circuit theory of inductorless NGD topology. The considered passive cell comprised of resistor and capacitor elements without inductor operates as a bandpass (BP) NGD function. The specifications of NGD functions are defined. Generally, the BP NGD fully lumped circuits available in the literature operate with resonant RLC-network. In the introduced research work, a lumped circuit was first time identified to exhibit the BP behavior without the presence of inductive component. The inductorless BP NGD topology is inspired from the combination of low-pass (LP) and high-pass (HP) NGD passive cells. Therefore, an original LP-HP NGD composite topology is obtained. The identified BP NGD topology is constituted only by passive RC-networks. Then, theoretical development of BP NGD analysis is explored. The inductorless circuit theory starts with the identification of BP NGD canonical form. Then, the expressions of NGD value, center frequency and attenuation in function of RC-network parameters are established. The synthesis equations allowing to determine the resistor and capacitor elements are derived. Proofs-of-concept are designed and prototypes are fabricated to verify the effectiveness of the developed LP-HP NGD composite theory. To validate the developed original circuit theory, two prototypes of RC-network based LP-HP NGD composite were designed, fabricated, simulated and tested. The two prototypes were synthesized with respect to two different NGD center frequencies 13.5 MHz and 22 MHz. As expected, the calculated, simulated and measurement results are in very good agreement with NGD value of about some negative nanoseconds. In the future, the characterized inductorless topology enable to overcome the traditional limitations of RLC-network based BP NGD circuits because of inductance self-effect limitation.","[Ravelo, Blaise; Wan, Fayu; Ge, Junxiang] Nanjing Univ Informat Sci & Technol, Sch Elect & Informat Engn, Nanjing 210044, Peoples R China; [Ngoho, Samuel] Assoc Francaise Sci Syst AFSCET, F-75017 Paris, France; [Fontgalland, Glauco] Univ Fed Campina Grande, Appl Electromagnet & Microwave Lab, BR-58429 Campina Grande, Paraiba, Brazil; [Rajaoarisoa, Lala] Univ Lille, IMT Lille Douai, Unite Rech Informat & Automat, F-59000 Lille, France; [Rahajandraibe, Wenceslas; Vauche, Remy] Univ Toulon & Var, Aix Marseille Univ, CNRS, IM2NP, F-13007 Marseille, France; [Xu, Zhifei] Missouri Univ Sci & Technol, Electromagnet Compatibil Lab, Rolla, MO 65401 USA; [Lallechere, Sebastien] Univ Clermont Auvergne, SIGMA Clermont, Inst Pascal, F-63000 Clermont Ferrand, France",Nanjing University of Information Science & Technology; Universidade Federal de Campina Grande; IMT - Institut Mines-Telecom; IMT Nord Europe; Universite de Lille - ISITE; Universite de Lille; Centre National de la Recherche Scientifique (CNRS); UDICE-French Research Universities; Aix-Marseille Universite; Universite de Toulon; University of Missouri System; Missouri University of Science & Technology; Universite Clermont Auvergne (UCA),"NSFCNational Natural Science Foundation of China (NSFC) [61601233, 61750110535]; NSF of Jiangsu [BK20150918]; Jiangsu Innovation and Enterprise Group Talents Plan [SRCB201526]; Priority Academic Program Development (PAPD) of Jiangsu Higher Education Institutions",36,2020,Computer Science; Engineering; Telecommunications
"Barman, S; Das, AK; Samanta, D; Chattopadhyay, S; Rodrigues, JJPC; Park, Y",Provably Secure Multi-Server Authentication Protocol Using Fuzzy Commitment,IEEE ACCESS,Multi-server authentication; fuzzy commitment; security; BAN logic; AVISPA,"Remote user authentication is a cryptographic mechanism through which a remote server verifies the legitimacy of an authorized user over an insecure communication channel. Most of the existing authentication schemes consider single-server environments and require multiple registrations of the same user for multiple servers. Moreover, most of these schemes do not consider biometric template revocation and error correction for noisy biometric signals. In addition, the existing schemes have several weaknesses, including stolen smart card attack, lack of user anonymity, user impersonation attack, and non-diversification of biometric data. To overcome these disadvantages, we propose a new three-factor authenticated key agreement scheme using a fuzzy commitment approach. The three factors used in the proposed scheme are the user's password, smart card, and personal biometrics. The security of the proposed scheme is verified using a formal security analysis under the broadly accepted Real-Or-Random model for the session key security. The widely accepted Burrows-Abadi-Needham logic is also applied for mutual authentication between a legally registered user and a server, and formal security verification using the broadly accepted Automated Validation of Internet Security Protocols and Applications is performed for the proposed scheme through simulation to show that it is secure. In addition, the informal security analysis of the proposed scheme shows that the scheme can resist other known attacks. Finally, a comparative study of the proposed scheme with the existing related schemes is conducted to measure the tradeoff among the security and functionality features and the communication and computation costs.","[Barman, Subhas] Jalpaiguri Govt Engn Coll, Jalpaiguri 735102, India; [Das, Ashok Kumar] Int Inst Informat Technol Hyderabad, Ctr Secur Theory & Algorithm Res, Hyderabad 500032, India; [Samanta, Debasis] IIT Kharagpur, Dept Comp Sci & Engn, Kharagpur 721302, W Bengal, India; [Chattopadhyay, Samiran] Jadavpur Univ, Dept Informat Technol, Kolkata 700098, India; [Rodrigues, Joel J. P. C.] Natl Inst Telecommun Inatel, BR-37540000 Santa Rita Do Sapucai, Brazil; [Rodrigues, Joel J. P. C.] Inst Telecomunicaoes, P-1049001 Lisbon, Portugal; [Rodrigues, Joel J. P. C.] ITMO Univ, St Petersburg 197101, Russia; [Rodrigues, Joel J. P. C.] Univ Fortaleza, BR-60811905 Fortaleza, Ceara, Brazil; [Park, Youngho] Kyungpook Natl Univ, Sch Elect Engn, Daegu 41566, South Korea",Jalpaiguri Government Engineering College; International Institute of Information Technology Hyderabad; Indian Institute of Technology System (IIT System); Indian Institute of Technology (IIT) - Kharagpur; Jadavpur University; Instituto Nacional de Telecomunicacoes (INATEL); Instituto de Telecomunicacoes; ITMO University; Universidade Fortaleza; Kyungpook National University,"National Research Foundation of Korea - Ministry of Science, ICT and Future Planning [2017R1A2B1002147]; Ministry of Education, Korea [21A20131600011]; FCT-Fundacao para a Ciencia e a TecnologiaPortuguese Foundation for Science and Technology [UID/EEA/50008/2013]; Government of the Russian Federation [08-08]; FinepFinanciadora de Inovacao e Pesquisa (Finep); Funttel, through the Centro de Referencia em Radiocomunicacoes - CRR Project of the Instituto Nacional de Telecomunicacoes (Inatel), Brazil [01.14.0231.00]; Brazilian National Council for Research and Development (CNPq)Conselho Nacional de Desenvolvimento Cientifico e Tecnologico (CNPQ) [309335/2017-5]; Information Security Education & Awareness Phase II Project, Department of Electronics and Information Technology (DeitY), India",65,2018,Computer Science; Engineering; Telecommunications
"Piza, FMDT; Celi, LA; Deliberato, RO; Bulgarelli, L; de Carvalho, FRT; Rabello, R; de la Hoz, MAA; Kesselheim, JC",Assessing team effectiveness and affective learning in a datathon,INTERNATIONAL JOURNAL OF MEDICAL INFORMATICS,Datathon; Hackathon; Team effectiveness; Affective learning; Effective leadership,"Background: Datathons are increasingly organized in the healthcare field. The goal is to assemble people with different backgrounds to work together as a team and engage in clinically relevant research or develop algorithms using health-related datasets. Criteria to assess the return of investment on such events have traditionally included publications produced, patents for prediction, classification, image recognition and other types of software, and start-up companies around the application of machine learning in healthcare. Previous studies have not evaluated whether a datathon can promote affective learning and effective teamwork. Methods: Fifty participants of a health datathon event in Sao Paulo, Brazil at Hospital Israelita Albert Einstein (HIAE) were divided into 8 groups. A survey with 25 questions, using the Affective Learning Scale and Team-Review Questionnaire, was administered to assess team effectiveness and affective learning during the event. Multivariate regression models and Pearson's correlation tests were performed to evaluate the effect of affective learning on teamwork. Results: Majority of the participants were male 76% (37/49); 32% (16/49) were physicians. The mean score for learning (scale from 1 to 10) was 8.38, while that for relevance of the perceived teamwork was 1.20 (scale from 1 to 5; 1 means most relevant). Pearson's correlation between the learning score and perception of teamwork showed moderate association (r = 0.36, p = 0.009). Five learning and 10 teamwork variables were on average positively graded in the event. The final regression model includes all learning and teamwork variables. Effective leadership was strongly correlated with affective learning (beta = -0.27, p < 0.01, R-2 = 75%). Effective leadership, team accomplishment, criticism, individual development and creativity were the variables significantly associated with higher levels of affective learning. Conclusion: It is feasible to enhance affective knowledge and the skill to work in a team during a datathon. We found that teamwork is associated with higher affective learning from participants' perspectives. Effective leadership is essential for teamwork and is a significant predictor of learning.","[de Toledo Piza, Felipe Maia; Deliberato, Rodrigo Octavio; Torres de Carvalho, Fabricio Rodrigues; Rabello Filho, Roberto] Hosp Israelita Albert Einstein, Crit Care Dept, Av Albert Einstein 627-701,5 Andar, BR-05651901 Sao Paulo, Brazil; [de Toledo Piza, Felipe Maia; Kesselheim, Jennifer Cohn] Harvard Med Sch, Med Educ Dept, Boston, MA USA; [Celi, Leo Anthony; Deliberato, Rodrigo Octavio; Armengol de La Hoz, Miguel Angel] MIT, Harvard MIT Hlth Sci & Technol, Lab Computat Physiol, 77 Massachusetts Ave, Cambridge, MA 02139 USA; [Celi, Leo Anthony] Beth Israel Deaconess Med Ctr, Dept Med, Boston, MA 02215 USA; [Deliberato, Rodrigo Octavio; Bulgarelli, Lucas] Hosp Israelita Albert Einstein, Big Data Analyt Dept, Sao Paulo, Brazil; [Torres de Carvalho, Fabricio Rodrigues] AC Camargo Canc Ctr, Intens Care Unit, Sao Paulo, Brazil; [Armengol de La Hoz, Miguel Angel] Harvard Med Sch, Dept Anesthesia Crit Care & Pain Med, Beth Israel Deaconess Med Ctr, Boston, MA USA; [Armengol de La Hoz, Miguel Angel] Univ Politecn Madrid, Grp Bioingn & Telemed, Madrid, Spain; [Armengol de La Hoz, Miguel Angel] Hosp Clin San Carlos, Inst Invest Sanitaria San Carlos, Unidad Innovac, Madrid, Spain; [Kesselheim, Jennifer Cohn] Harvard Med Sch, Dana Farber Boston Childrens Canc & Blood Disorde, Boston, MA USA",Hospital Israelita Albert Einstein; Harvard University; Harvard Medical School; Harvard University; Massachusetts Institute of Technology (MIT); Harvard University; Beth Israel Deaconess Medical Center; Hospital Israelita Albert Einstein; A.C.Camargo Cancer Center; Harvard University; Beth Israel Deaconess Medical Center; Harvard Medical School; Universidad Politecnica de Madrid; Hospital Clinico San Carlos; Harvard University; Boston Children's Hospital; Dana-Farber Cancer Institute; Harvard Medical School,MIT-Brazil TVML Seed Fund; National Institute of HealthUnited States Department of Health & Human ServicesNational Institutes of Health (NIH) - USA [R01 EB017205]; NATIONAL INSTITUTE OF BIOMEDICAL IMAGING AND BIOENGINEERINGUnited States Department of Health & Human ServicesNational Institutes of Health (NIH) - USANIH National Institute of Biomedical Imaging & Bioengineering (NIBIB) [R01EB017205] Funding Source: NIH RePORTER,27,2018,Computer Science; Health Care Sciences & Services; Medical Informatics
"Cardoso, I; Almeida, E; Allende-Cid, H; Frery, AC; Rangayyan, RM; Azevedo-Marques, PM; Ramos, HS",Analysis of Machine Learning Algorithms for Diagnosis of Diffuse Lung Diseases,METHODS OF INFORMATION IN MEDICINE,Deep learning; diffuse lung diseases; dimensionality reduction; machine learning,"Background Diffuse lung diseases (DLDs) are a diverse group of pulmonary disorders, characterized by inflammation of lung tissue, which may lead to permanent loss of the ability to breathe and death. Distinguishing among these diseases is challenging to physicians due their wide variety and unknown causes. Computer-aided diagnosis (CAD) is a useful approach to improve diagnostic accuracy, by combining information provided by experts with Machine Learning (ML) methods. Objectives Exploring the potential of dimensionality reduction combined with ML methods for diagnosis of DLDs; improving the classification accuracy over state-of-theart methods. Methods A data set composed of 3252 regions of interest (ROIs) was used, from which 28 features were extracted per ROI. We used Principal Component Analysis, Linear Discriminant Analysis, and Stepwise Selection - Forward, Backward, and Forward-Backward to reduce feature dimensionality. The feature subsets obtained were used as input to the following ML methods: Support Vector Machine, Gaussian Mixture Model, k-Nearest Neighbor, and Deep Feedforward Neural Network. We also applied a Deep Convolutional Neural Network directly to the ROIs. Results We achieved the maximum reduction from 28 to 5 dimensions using LDA. The best classification results were obtained by DFNN, with 99.60% of overall accuracy. Conclusions This work contributes to the analysis and selection of features that can efficiently characterize the DLDs studied.","[Cardoso, Isadora; Almeida, Eliana; Frery, Alejandro C.; Ramos, Heitor S.] Univ Fed Alagoas, Inst Comp, Av Lourival Melo Mota S-N,Cidade Univ, BR-57072900 Maceio, Alagoas, Brazil; [Allende-Cid, Hector] Pontificia Univ Catolica Valparaiso, Escuela Ingn Informat, Valparaiso, Chile; [Rangayyan, Rangaraj M.] Univ Calgary, Schulich Sch Engn, Dept Elect & Comp Engn, Calgary, AB, Canada; [Azevedo-Marques, Paulo M.] Univ Sao Paulo, Ribeirao Preto Med Sch, Dept Internal Med, Ribeirao Preto, Brazil",Universidade Federal de Alagoas; Pontificia Universidad Catolica de Valparaiso; University of Calgary; Universidade de Sao Paulo,FapealFundacao de Amparo a Pesquisa do Estado de Alagoas (FAPEAL); CNPqConselho Nacional de Desenvolvimento Cientifico e Tecnologico (CNPQ); project FONDECYT Initiation into Research [11150248]; SEFAZ-AL,23,2018,Computer Science; Health Care Sciences & Services; Medical Informatics
"Mellikeche, S; Marin, HD; Benitez, SE; de Lira, ACO; de Quiros, FGB; Degoulet, P",External validation of the unified model of information systems continuance (UMISC): An international comparison,INTERNATIONAL JOURNAL OF MEDICAL INFORMATICS,Clinical information system acceptance; Clinical information system evaluation; Post-adoption evaluation model; Confirmation of expectation; Satisfaction; Continuance intention; Replication study,"Context: The Unified Model of Information Systems Continuance (UMISC) is a metamodel for the evaluation of clinical information systems (CISs) that integrates constructs from five models that have previously been published in the literature. UMISC was developed at the Georges Pompidou University Hospital (HEGP) in Paris and was partially validated at the Saint Joseph Hospital Group (HPSJ), another acute care institution using the same CIS as HEGP. Objective: The aim of this replication study was twofold: (1) to perform an external validation of UMISC in two different hospitals and country contexts: the Italian Hospital of Buenos Aires (HIBA) in Argentina and the Hospital Sirio Libanes in Sao Paulo, Brazil (HSL); (2) to compare, using the same evaluation model, the determinants of satisfaction, use, and continuance intention observed at HIBA and HSL with those previously observed at HEGP and HPSJ. Methods: The UMISC evaluation questionnaires were translated from their original languages (English and French) to Brazilian Portuguese and Spanish following the translation/back-translation method. These questionnaires were then applied at each target site. The 21 UMISC-associated hypotheses were tested using structural equation modeling (SEM). Results: A total of 3020 users, 1079 at HIBA and 1941 at the HSL, were included in the analysis. The respondents included 1406 medical staff and 1001 nursing staff. The average profession-adjusted use, overall satisfaction and continuance intention were significantly higher at HIBA than at HSL in the medical and nursing groups. In SEM analysis, UMISC explained 23% and 11% of the CIS use dimension, 72% and 85% of health professionals' satisfaction, and 41% and 60% of continuance intention at HIBA and HSL, respectively. Twenty of the 21 UMISC-related hypotheses were validated in at least one of the four evaluation sites, and 16 were validated in two or more sites. Conclusion: The UMISC evaluation metamodel appears to be a robust comparison and explanatory model of satisfaction, use and continuance intention for CISs in late post adoption situations.","[Mellikeche, Samir; Degoulet, Patrice] Georges Pompidou European Univ Hosp HEGP, Paris, France; [Mellikeche, Samir; Degoulet, Patrice] CRC, Inserm UMRS 1138, Team 22, Paris, France; [Mellikeche, Samir; Degoulet, Patrice] Paris Descartes Univ, Paris, France; [Marin, Heimar de Fatima] Univ Fed Sao Paulo, Sao Paulo, SP, Brazil; [Elizabeth Benitez, Sonia; Bernaldo de Quiros, Fernan Gonzalez] Hosp Italiano Buenos, HIBA, Buenos Aires, DF, Argentina; [Onofre de Lira, Antonio Carlos] Seguros Unimed, Sao Paulo, SP, Brazil",UDICE-French Research Universities; Universite de Paris; Institut National de la Sante et de la Recherche Medicale (Inserm); UDICE-French Research Universities; Universite de Paris; UDICE-French Research Universities; Universite de Paris; Universidade Federal de Sao Paulo (UNIFESP); Hospital Italiano de Buenos Aires,,75,2020,Computer Science; Health Care Sciences & Services; Medical Informatics
"Muhammad, K; Rodrigues, JJPC; Kozlov, S; Piccialli, F; de Albuquerque, VHC",Energy-Efficient Monitoring of Fire Scenes for Intelligent Networks,IEEE NETWORK,Surveillance; Feature extraction; Disaster management; Collaboration; Streaming media; Big Data,"In the current surveillance networks, a vast amount of data is generated from different sources, resulting in big data. Such data need intelligent technologies and big data analytics for its realtime analysis to provide different services. This article describes an efficient artificial intelligence and big data analytics-assisted system for real-time fire scene analysis in surveillance networks. The proposed system is based on intelligent independent and subordinate agents, where each agent has a different task to report to the fire brigade and disaster management instantly. A deep yet efficient CNN is utilized in the system for feature extraction, classification, localization, and detection of fire in video frames. When the fire is detected in the frames, a fire alert is instantly sent to the emergency department and all agents immediately start their processing for checking the severity and growth rate of the fire, recognizing the scene and all objects on fire, and evacuation monitoring. Each agent of the system instantly sends information to disaster management to stop the loss of precious human lives and minimizes other economic and ecological loss. Experimental validation shows the promising results compared to existing systems. It is believed that using such a system is the demand of the time to save humanity from massive fire disasters and can make the current surveillance networks more intelligent.","[Muhammad, Khan] Sejong Univ, Dept Software, Seoul, South Korea; [Rodrigues, Joel J. P. C.] Fed Univ Piaui UFPI, Inst Telecomunicacoes, Teresina, PI, Brazil; [Rodrigues, Joel J. P. C.] ITMO Univ, St Petersburg, Russia; [Kozlov, Sergey] ITMO Univ, Photon & Optoinformat Dept, St Petersburg, Russia; [Kozlov, Sergey] ITMO Univ, Photon & Optoinformat Fac, St Petersburg, Russia; [Piccialli, Francesco] Univ Naples Federico II, Dept Math & Applicat R Caccioppoli, Tenure Track Comp Sci, Naples, Italy; [de Albuquerque, Victor Hugo C.] Univ Fortaleza, Fortaleza, Ceara, Brazil",Sejong University; Instituto Nacional de Telecomunicacoes (INATEL); Universidade Federal do Piaui; ITMO University; ITMO University; ITMO University; University of Naples Federico II; Universidade Fortaleza,"FCT/MCTESPortuguese Foundation for Science and TechnologyEuropean Commission; EU funds [UIDB/EEA/50008/2020]; Government of the Russian Federation [08-08]; Brazilian National Council for Scientific and Technological Development (CNPq)Conselho Nacional de Desenvolvimento Cientifico e Tecnologico (CNPQ) [309335/2017-5, 304315/2017-6, 430274/2018-1]",13,2020,Computer Science; Engineering; Telecommunications
"Chen, PP; Xie, ZP; Fang, Y; Chen, ZF; Mumtaz, S; Rodrigues, JJPC",Physical-Layer Network Coding: An Efficient Technique for Wireless Communications,IEEE NETWORK,Decoding; Modulation; Relays; Network coding; NOMA; Channel coding,"As a subfield of network coding, PNC can effectively enhance the throughput of wireless networks by mapping superimposed signals at the receiver to other forms of user messages. Over the past 20 years, PNC has received significant research attention and has been widely studied in various communication scenarios, for example, TWRC, NOMA in 5G networks, random access networks, and so on. Later on, channel-coded PNC and related communication techniques were investigated to ensure network reliability, such as the design of channel code, low-complexity decoding, and cross-layer design. In this article, we briefly review the variants of channel-coded PNC-aided wireless communications with the aim of inspiring future research activities in this area. We also put forth open research problems along with a few selected research directions under PNC-aided frameworks.","[Chen, Pingping; Xie, Zhaopeng; Fang, Yi] Fuzhou Univ, Fuzhou, Fujian, Peoples R China; [Chen, Pingping] Southeast Univ, Natl Mobile Commun Res Lab, Nanjing, Jiangsu, Peoples R China; [Fang, Yi] Guangdong Univ Technol, Guangzhou, Guangdong, Peoples R China; [Mumtaz, Shahid; Rodrigues, Joel J. P. C.] Inst Telecomunicacoes, Aveiro, Portugal; [Rodrigues, Joel J. P. C.] Natl Inst Telecommun Inatel, Rita Do Sapucai, Brazil; [Rodrigues, Joel J. P. C.] Fed Univ Piaui UFPI, Teresina, Brazil; [Chen, Zhifeng] Fuzon Univ, Coll Phys & Informat Engn, Fuzon, Fujian, Peoples R China",Fuzhou University; Southeast University - China; Guangdong University of Technology; Universidade de Aveiro; Instituto Nacional de Telecomunicacoes (INATEL); Universidade Federal do Piaui,"NSF of ChinaNational Natural Science Foundation of China (NSFC) [61871132, 61771149, 61671153]; Natural Science Foundation of Fujian ProvinceNatural Science Foundation of Fujian Province [2019J01223]; Open Research Fund of the National Mobile Communications Research Laboratory, Southeast University [2018D02]; Training Program of FuJian Excellent Talents in University (FETU); Guangdong Province Universities and Colleges Pearl River Scholar Funded Scheme [2017-ZJ022]; Science and Technology Program of Guangzhou [201904010124]; Research Project of the Education Department of Guangdong Province [2017KTSCX060]; European Union's Horizon 2020 research and innovation programme [815178]; Fundacao para a Ciencia e a Tecnologia (FCT)Portuguese Foundation for Science and TechnologyEuropean Commission [UID/EEA/50008/2019]; RNP [01250.075413/2018-04]; Centro de Referencia em Radiocomunicacoes (CRR) project of the Instituto Nacional de Telecomunicacoes (Inatel), Brazil; Brazilian National Council for Research and Development (CNPq)Conselho Nacional de Desenvolvimento Cientifico e Tecnologico (CNPQ) [309335/2017-5]",15,2020,Computer Science; Engineering; Telecommunications
"Moreira, MWL; Rodrigues, JJPC; Saleem, K; Korotaev, VV",Computational Learning Approaches for Personalized Pregnancy Care,IEEE NETWORK,Pregnancy; Big Data; Biomedical monitoring; Computational modeling; Computer architecture; Support vector machines,"The increasing use of interconnected sensors to monitor patients with chronic diseases, integrated with tools for the management of shared information, can guarantee a better performance of health information systems (HISs) by performing personalized healthcare. The early diagnosis of chronic diseases such as hypertensive disorders of pregnancy represents a significant challenge in women's healthcare. Computational learning techniques are useful tools for pattern recognition in the assessment of an increasing amount of integrated data related to these diseases. Hence, in this paper, the use of machine learning (ML) techniques is proposed for the assessment of real data referred to hypertensive disorders in pregnancy. The results show that the averaged one-dependence estimator algorithm can help in the decision- making process in uncertain moments, thus improving the early detection of these chronic diseases. The best-evaluated computational learning algorithm improves the performance of HISs through its precise diagnosis. This method can be applied in electronic health (e-health) environments as a useful tool for handling uncertainty in the decision-making process related to high-risk pregnancy.","[Moreira, Mario W. L.] Inst Fed Educ Ciencia & Tecnol Ceara IFCE, Dept Teaching, Aracati, CE, Brazil; [Rodrigues, Joel J. P. C.] Fed Univ Piaui UFPI, Teresina, PI, Brazil; [Rodrigues, Joel J. P. C.] Inst Telecomunicacoes, Aveiro, Portugal; [Rodrigues, Joel J. P. C.; Saleem, Kashif] King Saud Univ, Ctr Excellence Informat Assurance CoEIA, Riyadh, Saudi Arabia; [Rodrigues, Joel J. P. C.] ITMO Univ, St Petersburg, Russia; [Korotaev, Valery V.] ITMO Univ, Dept Opt Elect Devices & Syst, St Petersburg, Russia",Instituto Federal do Ceara (IFCE); Universidade Federal do Piaui; Universidade de Aveiro; King Saud University; ITMO University; ITMO University,"FCT/MCTESPortuguese Foundation for Science and TechnologyEuropean Commission; EU funds [UIDB/EEA/50008/2020]; Government of the Russian Federation [08-08]; Brazilian National Council for Research and Development (CNPq)Conselho Nacional de Desenvolvimento Cientifico e Tecnologico (CNPQ) [309335/2017-5]; Ciencia sem Fronteiras of CNPq, Brazil [207706/2014-0]; International Scientific Partnership Program ISPP at King Saud University through ISPP [0129]",15,2020,Computer Science; Engineering; Telecommunications
"Tang, R; Chen, LH; Zhang, RZ; Ahmad, A; Albertini, MK; Yang, XM",Medical image super-resolution with laplacian dense network,MULTIMEDIA TOOLS AND APPLICATIONS,Medical image; Super-resolution; Laplacian pyramid structure; Dense convolutional neural network,"High resolution medical images are expected for accurate analysis results in medical diagnosis. However, the resolution of these medical images is always restricted by the factors such as medical devices, time constraints. Despite these restrictions, the resolution of these medical images can be enhanced with a well-designed super-resolution(SR) algorithm. As a post-processing manner after medical imaging, the adoption of the SR algorithms has the advantages of low cost and high efficiency compared with upgrading medical devices. In this paper, we propose a network named LDSRN that combines the Laplacian pyramid structure and the dense network to reconstruct clear and convincing medical HR images. Our LDSRN can make full use of the information from different pyramid levels to recover faithful HR images by the dense connection. Specifically, the Laplacian structure decomposes the difficult SR task into several easy SR tasks to obtain the HR images step by step for better reconstruction. Experimental results demonstrate that our LDSRN can obtain better HR medical images than several state-of-the-art SR methods in terms of objective indices and subjective evaluations.","[Tang, Rui; Chen, Lihui; Zhang, Rongzhu; Yang, Xiaomin] Sichuan Univ, Coll Elect & Informat Engn, Chengdu 610064, Sichuan, Peoples R China; [Ahmad, Awais] Univ Milan, Dipartimento Informat DI, Via Celoria 18, I-20133 Milan Mi, Italy; [Albertini, Marcelo Keese] Univ Fed Uberlandia, Fac Comp, Uberlandia, MG, Brazil",Sichuan University; League of European Research Universities - LERU; University of Milan; Universidade Federal de Uberlandia,"National Natural Science Foundation of ChinaNational Natural Science Foundation of China (NSFC) [61711540303, 61701327]",42,2022,Computer Science; Engineering
"Ning, ZL; Huang, J; Wang, XJ; Rodrigues, JJPC; Guo, L",Mobile Edge Computing-Enabled Internet of Vehicles: Toward Energy-Efficient Scheduling,IEEE NETWORK,Task analysis; Servers; Energy consumption; Processor scheduling; Energy efficiency; Scheduling; Delays,"Although modern transportation systems facilitate the daily life of citizens, the ever-increasing energy consumption and air pollution challenge the establishment of green cities. Current studies on green IoV generally concentrate on energy management of either battery-enabled RSUs or electric vehicles. However, computing tasks and load balancing among RSUs have not been fully investigated. In order to satisfy heterogeneous requirements of communication, computation and storage in IoVs, this article constructs an energy-efficient scheduling framework for MEC-enabled IoVs to minimize the energy consumption of RSUs under task latency constraints. Specifically, a heuristic algorithm is put forward by jointly considering task scheduling among MEC servers and downlink energy consumption of RSUs. To the best of our knowledge, this is a prior work to focus on the energy consumption control issues of MEC-enabled RSUs. Performance evaluations demonstrate the effectiveness of our framework in terms of energy consumption, latency and task blocking possibility. Finally, this article elaborates some major challenges and open issues toward energy-efficient scheduling in IoVs.","[Ning, Zhaolong; Huang, Jun; Guo, Lei] Chongqing Univ Posts & Telecommun, Chongqing, Peoples R China; [Ning, Zhaolong] Xidian Univ, Xian, Shaanxi, Peoples R China; [Ning, Zhaolong] Dalian Univ Technol, Dalian, Peoples R China; [Wang, Xiaojie] Hong Kong Polytech Univ, Hong Kong, Peoples R China; [Rodrigues, Joel J. P. C.] Natl Inst Telecommun, Santa Rita Do Sapucai, MG, Brazil; [Rodrigues, Joel J. P. C.] Inst Telecomunicacoes, Lisbon, Portugal; [Rodrigues, Joel J. P. C.] Univ Fed Piaui, Teresina, Piaui, Brazil",Chongqing University of Posts & Telecommunications; Xidian University; Dalian University of Technology; Hong Kong Polytechnic University; Instituto Nacional de Telecomunicacoes (INATEL); Instituto de Telecomunicacoes; Universidade Federal do Piaui,"State Key Laboratory of Integrated Services Networks, Xidian University [ISN20-01]; China Postdoctoral Science FoundationChina Postdoctoral Science Foundation [2018T110210]; Fundamental Research Funds for the Central University [DUT19JC18]; Fundacao para a Ciencia e a Tecnologia (FCT)Portuguese Foundation for Science and TechnologyEuropean Commission [UID/EEA/50008/2019]; RNP [01250.075413/2018-04]; Centro de Referencia em Radiocomunicacoes (CRR) project of the Instituto Nacional de Telecomunicacoes (Inatel), Brazil; Brazilian National Council for Research and Development (CNPq)Conselho Nacional de Desenvolvimento Cientifico e Tecnologico (CNPQ) [309335/2017-5]",14,2019,Computer Science; Engineering; Telecommunications
"Al-Rubaye, S; Rodriguez, J; Al-Dulaimi, A; Mumtaz, S; Rodrigues, JJPC",Enabling Digital Grid for Industrial Revolution: Self-Healing Cyber Resilient Platform,IEEE NETWORK,Switches; Cyberattack; Resilience; Real-time systems; Power grids; Monitoring,"Driving digital grid development to provide sustainable, reliable and secure network systems requires deploying a variety of applications against any potential cyber attacks. Therefore, there is an urgent demand to accelerate the development of an intelligent Software-Defined Networking (SDN) platform that can address the tremendous challenges of data protection for digital resiliency. Modern grid technology tends to adopt distributed SDN controllers for further slicing power grid domain and protect the boundaries of electric data at network edges. To facilitate these techniques, this article proposes an intelligent secure SDN controller for supporting digital grid resiliency, considering management coordination capability, self-healing features and recovery of network traffic forwarding during service interruptions. A set of advanced features are employed in grid controllers to configure the network elements in response to possible disasters or link failures. In addition, various SDN topology scenarios are introduced for efficient coordination and configurations of network domains. Finally, to justify the potential advantages of an intelligent secure SDN system, a case study is presented to evaluate the requirements of secure digital modern grid networks and pave the path toward the next phase of industry revolution.","[Al-Rubaye, Saba] Cranfield Univ, Sch Aerosp Transport & Mfg, Cranfield, Beds, England; [Rodriguez, Jonathan] Univ South Wales, Mobile Commun, Pontypridd, M Glam, Wales; [Al-Dulaimi, Anwer] EXFO, Ctr Excellence, Toronto, ON, Canada; [Mumtaz, Shahid] Inst Telecomunicaes Portugal, Lisbon, Portugal; [Rodrigues, Joel J. P. C.] Natl Inst Telecommun, Santa Rita Do Sapucai, MG, Brazil; [Rodrigues, Joel J. P. C.] Inst Telecomunicacoes, Lisbon, Portugal; [Rodrigues, Joel J. P. C.] Univ Fed Piaui, Teresina, Piaui, Brazil",Cranfield University; University of South Wales; Instituto Nacional de Telecomunicacoes (INATEL); Instituto de Telecomunicacoes; Universidade Federal do Piaui,,15,2019,Computer Science; Engineering; Telecommunications
"Tucker, R; Ruffini, M; Valcarenghi, L; Campelo, DR; Simeonidou, D; Du, L; Marinescu, MC; Middleton, C; Yin, S; Forde, T; Bourg, K; Dai, E; Harstead, E; Chanclou, P; Roberts, H; Jungnickel, V; Figuerola, S; Takahara, T; Yadav, R; Vetter, P; Khotimsky, DA; Wey, JS",Connected OFCity: Technology Innovations for a Smart City Project,JOURNAL OF OPTICAL COMMUNICATIONS AND NETWORKING,Access technology; Broadband communication; FTTx; Optical fiber network; Passive optical network; Smart cities; Software-defined networking; Wireless network,"Around the world, municipalities have been making substantial investments into broadband access infrastructure to accelerate the build-out of an urban phenomenon that has become known as a smart or connected city. At the 2016 Optical Fiber Communications Conference, a team contest, the Connected OFCity Challenge, was held to discuss the technological innovations and to examine dependencies and intricacies of a connected city project. The participants, four teams of experts coming from a cross-section of the industry, presented and defended their visions of future applications and innovative architecture and technologies to realize the interconnection. This paper provides a synthesis of the four competitive proposals offered for the contest and their ensuing discussions.","[Tucker, Rod] Univ Melbourne, Dept Elect & Elect Engn, Melbourne, Vic 3010, Australia; [Ruffini, Marco; Forde, Tim] Univ Dublin, Trinity Coll, CONNECT Res Ctr, Dublin, Ireland; [Valcarenghi, Luca] Scuola Super Sant Anna, Pisa, Italy; [Campelo, Divanilson R.] Univ Fed Pernambuco UFPE, BR-50740560 Recife, PE, Brazil; [Simeonidou, Dimitra] Univ Bristol, Bristol, Avon, England; [Du, Liang] Google Fiber, Mountain View, CA 94043 USA; [Marinescu, Maria-Cristina] Barcelona Supercomp Ctr, Barcelona, Spain; [Middleton, Catherine] Ryerson Univ, Toronto, ON, Canada; [Yin, Shuang] Stanford Univ, Dept Elect Engn, Stanford, CA 94305 USA; [Bourg, Kevin] Corning Opt Commun, Alpharetta, GA 30005 USA; [Dai, Eugene] Cox Commun, Atlanta, GA 30328 USA; [Harstead, Ed] Nokia, New York, NY 10025 USA; [Chanclou, Philippe] Orange Labs, Lannion, France; [Roberts, Hal] Calix, Minneapolis, MN 55331 USA; [Jungnickel, Volker] HHI Fraunhofer, Berlin, Germany; [Figuerola, Sergi] I2CAT Fdn, Barcelona, Spain; [Takahara, Tomoo] Fujitsu Labs Ltd, Nakahara Ku, Kawasaki, Kanagawa 2118588, Japan; [Yadav, Rajesh; Khotimsky, Denis A.] Verizon Commun, Waltham, MA 02451 USA; [Vetter, Peter] Nokia Bell Labs, Murray Hill, NJ 07974 USA; [Wey, Jun Shan] Lightnotes Consulting, Bellevue, WA 98004 USA; [Wey, Jun Shan] ZTE TX, Bellevue, WA 98004 USA",University of Melbourne; League of European Research Universities - LERU; Trinity College Dublin; Scuola Superiore Sant'Anna; Universidade Federal de Pernambuco; University of Bristol; Google Incorporated; Polytechnic University of Catalonia; Barcelona Supercomputer Center (BSC-CNS); Toronto Metropolitan University; Stanford University; Nokia Corporation; Nokia Bell Labs; Orange SA; Internet I Innovacio Digital A Catalunya (I2CAT); Fujitsu Ltd; Fujitsu Laboratories Ltd; Verizon Communications; Nokia Corporation; Nokia Bell Labs; ZTE,,17,2017,Computer Science; Optics; Telecommunications
"Jindal, A; Dua, A; Kumar, N; Das, AK; Vasilakos, AV; Rodrigues, JJPC",Providing Healthcare-as-a-Service Using Fuzzy Rule Based Big Data Analytics in Cloud Computing,IEEE JOURNAL OF BIOMEDICAL AND HEALTH INFORMATICS,Big data analytics; cloud computing environment; fuzzy rule-based classifier; healthcare applications,"With advancements in information and communication technology, there is a steep increase in the remote healthcare applications in which patients can get treatment from the remote places also. The data collected about the patients by remote healthcare applications constitute big data because it varies with volume, velocity, variety, veracity, and value. To process such a large collection of heterogeneous data is one of the biggest challenges which requires a specialized approach. To address this challenge, a new fuzzy rule based classifier is presented in this paper with an aim to provide Healthcare-as-a-Service. The proposed scheme is based upon the initial cluster formation, retrieval, and processing of the big data in cloud environment. Then, a fuzzy rule based classifier is designed for efficient decision making for data classification in the proposed scheme. To perform inferencing from the collected data, membership functions are designed for fuzzification and defuzzification processes. The proposed scheme is evaluated on various evaluation metrics, such as average response time, accuracy, computation cost, classification time, and false positive ratio. The results obtained confirm the effectiveness of the proposed scheme with respect to various performance evaluation metrics in cloud computing environment.","[Jindal, Anish; Kumar, Neeraj] Thapar Inst Engn & Technol, Dept Comp Sci & Engn, Patiala 147004, Punjab, India; [Dua, Amit] Birla Inst Technol & Sci, Dept Comp Sci & Informat Syst, Pilani 333031, Rajasthan, India; [Das, Ashok Kumar] Int Inst Informat Technol, Ctr Secur Theory & Algorithm Res, Hyderabad 500032, India; [Vasilakos, Athanasios V.] Innopolis Univ, Innopolis 420500, Russia; [Rodrigues, Joel J. P. C.] Natl Inst Telecommun Inatel, BR-37540000 Santa Rita Do Sapucal, Brazil; [Rodrigues, Joel J. P. C.] Inst Telecomunicacoes, P-1049001 Lisbon, Portugal; [Rodrigues, Joel J. P. C.] ITMO Univ, St Petersburg 197101, Russia; [Rodrigues, Joel J. P. C.] Univ Fortaleza UNIFOR, BR-60811905 Fortaleza, Ceara, Brazil",Thapar Institute of Engineering & Technology; Birla Institute of Technology & Science Pilani (BITS Pilani); International Institute of Information Technology Hyderabad; Innopolis University; Instituto Nacional de Telecomunicacoes (INATEL); Instituto de Telecomunicacoes; ITMO University; Universidade Fortaleza,"National Funding from the FCT-Fundacao para a Ciencia e a Tecnologia [UID/EEA/50008/2013]; Brazilian National Council for Research and Development (CNPq)Conselho Nacional de Desenvolvimento Cientifico e Tecnologico (CNPQ) [309335/2017-5]; Government of Russian Federation [074-U01]; FinepFinanciadora de Inovacao e Pesquisa (Finep); Funttel through the Centro de Referencia em Radiocomunicacoes-CRR Project of the Instituto Nacional de Telecomunicacoes (Inatel), Brazil [01.14.0231.00]",29,2018,Computer Science; Mathematical & Computational Biology; Medical Informatics
"Rodrigues, E; Conci, A; Liatsis, P",ELEMENT: Multi-Modal Retinal Vessel Segmentation Based on a Coupled Region Growing and Machine Learning Approach,IEEE JOURNAL OF BIOMEDICAL AND HEALTH INFORMATICS,Feature extraction; Image segmentation; Machine learning; Retinal vessels; Task analysis; Predictive models; Machine learning; pixel-based classi-fication; pixel connectivity; retinal vessel segmentation; region growing,"Vascular structures in the retina contain important information for the detection and analysis of ocular diseases, including age-related macular degeneration, diabetic retinopathy and glaucoma. Commonly used modalities in diagnosis of these diseases are fundus photography, scanning laser ophthalmoscope (SLO) and fluorescein angiography (FA). Typically, retinal vessel segmentation is carried out either manually or interactively, which makes it time consuming and prone to human errors. In this research, we propose a new multi-modal framework for vessel segmentation called ELEMENT (vEsseL sEgmentation using Machine lEarning and coNnecTivity). This framework consists of feature extraction and pixel-based classification using region growing and machine learning. The proposed features capture complementary evidence based on grey level and vessel connectivity properties. The latter information is seamlessly propagated through the pixels at the classification phase. ELEMENT reduces inconsistencies and speeds up the segmentation throughput. We analyze and compare the performance of the proposed approach against state-of-the-art vessel segmentation algorithms in three major groups of experiments, for each of the ocular modalities. Our method produced higher overall performance, with an overall accuracy of 97.40%, compared to 25 of the 26 state-of-the-art approaches, including six works based on deep learning, evaluated on the widely known DRIVE fundus image dataset. In the case of the STARE, CHASE-DB, VAMPIRE FA, IOSTAR SLO and RC-SLO datasets, the proposed framework outperformed all of the state-of-the-art methods with accuracies of 98.27%, 97.78%, 98.34%, 98.04% and 98.35%, respectively.","[Rodrigues, Erick] Univ Tecnol Fed Parana UTFPR, Acad Dept Informat, BR-80230901 Pato Branco, Brazil; [Conci, Aura] Univ Fed Fluminense UFF, Dept Comp Sci, BR-24220900 Niteroi, RJ, Brazil; [Liatsis, Panos] Khalifa Univ, Dept Elect Engn & Comp Sci, Abu Dhabi 127788, U Arab Emirates",Universidade Tecnologica Federal do Parana; Universidade Federal Fluminense; Khalifa University of Science & Technology,,80,2020,Computer Science; Mathematical & Computational Biology; Medical Informatics
"Lu, Z; Carneiro, G; Bradley, AP; Ushizima, D; Nosrati, MS; Bianchi, AGC; Carneiro, CM; Hamarneh, G",Evaluation of Three Algorithms for the Segmentation of Overlapping Cervical Cells,IEEE JOURNAL OF BIOMEDICAL AND HEALTH INFORMATICS,Challenge; overlapping cell segmentation; pap smear image analysis,"In this paper, we introduce and evaluate the systems submitted to the first Overlapping Cervical Cytology Image Segmentation Challenge, held in conjunction with the IEEE International Symposium on Biomedical Imaging 2014. This challengewas organized to encourage the development and benchmarking of techniques capable of segmenting individual cells from overlapping cellular clumps in cervical cytology images, which is a prerequisite for the development of the next generation of computer-aided diagnosis systems for cervical cancer. In particular, these automated systems must detect and accurately segment both the nucleus and cytoplasm of each cell, even when they are clumped together and, hence, partially occluded. However, this is an unsolved problem due to the poor contrast of cytoplasm boundaries, the large variation in size and shape of cells, and the presence of debris and the large degree of cellular overlap. The challenge initially utilized a database of 16 high-resolution (x40 magnification) images of complex cellular fields of view, in which the isolated real cells were used to construct a database of 945 cervical cytology images synthesized with a varying number of cells and degree of overlap, in order to provide full access of the segmentation ground truth. These synthetic images were used to provide a reliable and comprehensive framework for quantitative evaluation on this segmentation problem. Results from the submitted methods demonstrate that all the methods are effective in the segmentation of clumps containing at most three cells, with overlap coefficients up to 0.3. This highlights the intrinsic difficulty of this challenge and provides motivation for significant future improvement.","[Lu, Zhi; Carneiro, Gustavo] Univ Adelaide, Australian Ctr Visual Technol, Adelaide, SA, Australia; [Bradley, Andrew P.] Univ Queensland, Sch Informat Technol & Elect Engn, Brisbane, Qld 4072, Australia; [Ushizima, Daniela] Univ Calif Berkeley, Lawrence Berkeley Natl Lab, Berkeley Inst Data Sci, Computat Res Div, Berkeley, CA 94720 USA; [Nosrati, Masoud S.; Hamarneh, Ghassan] Simon Fraser Univ, Med Image Anal Lab, Burnaby, BC V5A 1S6, Canada; [Bianchi, Andrea G. C.] Univ Fed Ouro Preto, Dept Comp Sci, BR-35400000 Ouro Preto, MG, Brazil; [Carneiro, Claudia M.] Univ Fed Ouro Preto, Cytol Lab, Clin Anal Dept, Sch Pharm, BR-35400000 Ouro Preto, MG, Brazil",University of Adelaide; University of Queensland; United States Department of Energy (DOE); Lawrence Berkeley National Laboratory; University of California System; University of California Berkeley; Simon Fraser University; Universidade Federal de Ouro Preto; Universidade Federal de Ouro Preto,"Australian Research Council Future FellowshipAustralian Research Council [FT110100623]; Australian Research Council's Discovery Projects funding schemeAustralian Research Council [DP140102794]; Office of Science, U.S. Department of EnergyUnited States Department of Energy (DOE) [DE-AC03-76SF00098/DEAC02-05CH11231]; Capes /NanobiomedCoordenacao de Aperfeicoamento de Pessoal de Nivel Superior (CAPES); CNPqConselho Nacional de Desenvolvimento Cientifico e Tecnologico (CNPQ) [304673/2011-0, 472565/2011-7, 401120/2013-9]; FapemigFundacao de Amparo a Pesquisa do Estado de Minas Gerais (FAPEMIG) [APQ-00802-11]; Natural Sciences and Engineering Research Council of Canada (NSERC)Natural Sciences and Engineering Research Council of Canada (NSERC)",30,2017,Computer Science; Mathematical & Computational Biology; Medical Informatics
"Shafique, MN; Khurshid, MM; Rahman, H; Khanna, A; Gupta, D; Rodrigues, JJPC",The Role of Wearable Technologies in supply Chain Collaboration: A Case of Pharmaceutical Industry,IEEE ACCESS,Internet of things; emotional intelligence; green training; smart watch; supply chain collaboration; theory of planned behavior; wearable technologies,"The technological transformation has led to the introduction of mini computers as wearable computers which facilitate users to use the Internet, different applications, messaging, and for calls all on one platform. The focus of these wearable computers in earlier studies has been on consumers and technical aspects, and their application has not been explored from an organizational perspective. This means that the recent introduction of wearable technology has great potential, which is untapped in the organizational context, especially for supply chain collaboration (SC). In this study, wearable technology is thought to offer huge potential for organizations in SC. Therefore, the purpose of this study is to empirically examine the role of wearable technology i.e. Smartwatch in enhancing collaboration among supply chain members with mediating roles of green training (GT) and emotional intelligence (EI). The population of this study is the pharmaceutical industry in Pakistan. Simple random sampling method has been used to collect data from 150 sample size. Data have been collected through offline and online survey method. Data have been analyzed through partial least square-structure equation modeling (PLS-SEM) technique. The results of this study have empirically tested the established conceptual framework. Continuance intention to use smartwatch has a positive effect on SC. Furthermore, GT and EI have mediating roles between continuance intention to use smartwatch and SC. It is concluded that the continuance intention to use smartwatch will increase SC. GT and EI will strengthen the relationship between continuance intention to use smartwatch and SC. The use of wearable technology will motivate employees to communicate rapidly and to monitor their supply chain activities using web-based and other applications. This study has practical implications in organizations and theoretical contribution to literature.","[Shafique, Muhammad Noman] Dongbei Univ Finance & Econ, Dalian 116023, Peoples R China; [Khurshid, Muhammad Mahboob] Virtual Univ Pakistan, Dept Examinat, Lahore 54000, Pakistan; [Rahman, Haji] Univ Buner, Buner 17290, Pakistan; [Khanna, Ashish; Gupta, Deepak] GGSIP Univ, Maharaja Agrasen Inst Technol, Delhi 110078, India; [Rodrigues, Joel J. P. C.] Natl Inst Telecommun Inatel, BR-37540000 Santa Rita Do Sapucaii, Brazil; [Rodrigues, Joel J. P. C.] Inst Telecomunicacoes, P-1049001 Lisbon, Portugal; [Rodrigues, Joel J. P. C.] Univ Fed Piaui, BR-64049550 Teresina, Brazil",Dongbei University of Finance & Economics; Virtual University of Pakistan; GGS Indraprastha University; Maharaja Agrasen Institute of Technology; Instituto Nacional de Telecomunicacoes (INATEL); Instituto de Telecomunicacoes; Universidade Federal do Piaui,"FCT - Fundacao para a Ciencia e a TecnologiaPortuguese Foundation for Science and Technology [UID/EEA/50008/2019]; RNP; MCTIC, through the Centro de Referencia em Radiocomunicoes (CRR) project of the Instituto Nacional de Telecomunicacoes (Inatel), Brazil [01250.075413/2018-04]; Brazilian National Council for Research and Development (CNPq)Conselho Nacional de Desenvolvimento Cientifico e Tecnologico (CNPQ) [309335/2017-5]",74,2019,Computer Science; Engineering; Telecommunications
"Mukherjee, A; Jain, DK; Goswami, P; Xin, Q; Yang, LX; Rodrigues, JJPC",Back Propagation Neural Network Based Cluster Head Identification in MIMO Sensor Networks for Intelligent Transportation Systems,IEEE ACCESS,Back propagation neural networks; intelligent transportation systems; gradient descent; MIMO; wireless sensor networks; cooperative communication,"Wireless Sensor Network (WSN) is an essential technology for the Internet-of-Things (IoT) and intelligence-based applications. In the case of Intelligent Transportation Systems (ITS), the WSNs play an important role in safety and efficient traffic management. Therefore, there is enormous demand for energy efficient WSNs for dynamic resource allocation in vehicles and infrastructures. This work presents a Multi-Input Multi-Output (MIMO) technique model in WSNs, which addresses the Cluster Head (CH) recognition issue for MIMO sensor networks by using Back Propagation Neural Network (BPNN). The conventional CH identification suffers from a lack of location identification due to the dynamic and real-time environment. Thus, to obtain more precise positioning accuracy, the proposed work uses BPNN combined with a distributed gradient drop technique to calculate the position of the unknown CH. This reduces the distance estimation error, and the particle swarm optimization technique is further used to obtain the optimal weight and threshold of the network. The work is validated by using mathematical analysis, simulations, and comparison with existing techniques. The proposed model shows a better performance in terms of energy consumption, error rate, and computation time.","[Mukherjee, Amrit; Goswami, Pratik; Yang, Lixia] Jiangsu Univ, Sch Comp Sci & Commun Engn, Zhenjiang 212013, Jiangsu, Peoples R China; [Jain, Deepak Kumar] Chongqing Univ Posts & Telecommun, Coll Automat, Key Lab Intelligent Air Ground Cooperat Control U, Chongqing 400065, Peoples R China; [Xin, Qin] Univ Faroe Isl, Fac Sci & Technol, Torshavn 100, Faroe Islands; [Rodrigues, Joel J. P. C.] Univ Fed Piaui, Dept Elect Engn, BR-64000040 Teresina, Brazil; [Rodrigues, Joel J. P. C.] Inst Telecomunicacoes, P-3810193 Aveiro, Portugal",Jiangsu University; Chongqing University of Posts & Telecommunications; Universidade Federal do Piaui; Universidade de Aveiro,"Foundation of Science and Technology/Ministry of Science, Technology and Higher Education (FCT/MCTES); EU Funds [UIDB/EEA/50008/2020]; Brazilian National Council for Scientific and Technological Development (CNPq)Conselho Nacional de Desenvolvimento Cientifico e Tecnologico (CNPQ) [309335/2017-5]; National Science Foundation of ChinaNational Natural Science Foundation of China (NSFC) [61601205]; Basic Research Program of Jiangsu Province [BK20160541]; Natural Science Foundation of the Jiangsu Higher Education Institutions of ChinaNational Natural Science Foundation of China (NSFC) [16KJB140003]; European Cooperation in Science and Technology (EU COST) Grants from the European Network for Cost Containment and Improved Quality of Health Care [CA15222]",50,2020,Computer Science; Engineering; Telecommunications
"Simmons, N; da Silva, CRN; Cotton, SL; Sofotasios, PC; Yacoub, MD",Double Shadowing the Rician Fading Model,IEEE WIRELESS COMMUNICATIONS LETTERS,Composite fading; fading channels; inverse Nakagaim-m distribution; shadowed Rician model,"In this letter, we consider a Rician fading envelope which is impacted by dual shadowing processes. We conveniently refer to this as the double shadowed Rician fading model which can appear in two different formats, each underpinned by a different physical signal reception model. The first format assumes a Rician envelope where the dominant component is fluctuated by a Nakagami-m random variable (RV) which is preceded (or succeeded) by a secondary round of shadowing brought about by an inverse Nakagami-m RV. The second format considers that the dominant component and scattered waves of a Rician envelope are perturbed by two different shadowing processes. In particular, the dominant component experiences variations characterized by the product of a Nakagami-m and an inverse Nakagami-m RV, whereas the scattered waves are subject to fluctuations influenced by an inverse Nakagami-m RV. Using the relationship between the shadowing properties of the two formats, we develop unified closed-berm and analytical expressions for their probability density function, cumulative distribution function, moment-generating function and moments. All derived expressions are validated through Monte Carlo simulations and reduction to a number of special cases.","[Simmons, Nidhi; Cotton, Simon L.] Queens Univ Belfast, Inst Elect Commun & Informat Technol, Belfast BT3 9DT, Antrim, North Ireland; [Nogueira da Silva, Carlos Rafael; Yacoub, Michel Daoud] Univ Estadual Campinas, Sch Elect & Comp Engn, Wireless Technol Lab, BR-13083970 Campinas, SP, Brazil; [Sofotasios, Paschalis C.] Khalifa Univ Sci & Technol, Dept Elect & Comp Engn, Abu Dhabi 127788, U Arab Emirates; [Sofotasios, Paschalis C.] Tampere Univ Technol, Dept Elect & Commun Engn, Tampere 33720, Finland",Queens University Belfast; Universidade Estadual de Campinas; Khalifa University of Science & Technology; Tampere University,"U.K. Engineering and Physical Sciences Research CouncilUK Research & Innovation (UKRI)Engineering & Physical Sciences Research Council (EPSRC) [EP/L026074/1]; Department for the Economy, Northern Ireland [USI080]; Khalifa University of Science and Technology [8474000122, 8474000137]; EPSRCUK Research & Innovation (UKRI)Engineering & Physical Sciences Research Council (EPSRC) [EP/L026074/1] Funding Source: UKRI",12,2019,Computer Science; Engineering; Telecommunications
"Yang, L; Yan, XQ; da Costa, DB; Tsiftsis, TA; Yang, HC; Alouini, MS",Indoor Mixed Dual-Hop VLC/RF Systems Through Reconfigurable Intelligent Surfaces,IEEE WIRELESS COMMUNICATIONS LETTERS,Radio frequency; Signal to noise ratio; Power system reliability; Probability; Adaptive optics; Optical fiber communication; Wireless communication; Bit error rate (BER); outage probability; reconfigurable intelligent surface (RIS); visible light communication; radio frequency (VLC; RF) system,"In this letter, a reconfigurable intelligent surface (RIS)-assisted dual-hop visible light communication (VLC)/radio frequency (RF) system in indoor scenarios is proposed, in which the first link is a VLC link while an RIS is deployed in the second RF link. More specifically, a relay first converts the received optical signal into the RF signal blue using either decode-and-forward or amplify-and-forward protocols and then forwards it to the RIS. The RIS alters the electromagnetic response of the impinging waves to provide connectivity between the RF destination and optical source. Based on this model, closed-form expressions for the outage probability and bit error rate (BER) are derived. Also, an asymptotic analysis for the outage probability is presented. Finally, simulation results are provided to verify our analytical results.","[Yang, Liang; Yan, Xiaoqin] Hunan Univ, Coll Comp Sci & Elect Engn, Changsha 410082, Peoples R China; [da Costa, Daniel Benevides] Univ Fed Ceara, Dept Comp Engn, BR-62010560 Sobral, Brazil; [Tsiftsis, Theodoros A.] Jinan Univ, Sch Intelligent Syst Sci & Engn, Zhuhai 519070, Peoples R China; [Yang, Hong-Chuan] Univ Victoria, Dept Elect & Comp Engn, Victoria, BC V8P 5C2, Canada; [Alouini, Mohamed-Slim] King Abdullah Univ Sci & Technol, Comp Elect & Math Sci & Engn Div, Thuwal 23955, Saudi Arabia",Hunan University; Universidade Federal do Ceara; Jinan University; University of Victoria; King Abdullah University of Science & Technology,National Natural Science Foundation of China (NSFC)National Natural Science Foundation of China (NSFC) [61671160]; Department of Education of Guangdong ProvinceNational Natural Science Foundation of Guangdong Province [2016KZDXM050]; Hunan Natural Science FoundationNatural Science Foundation of Hunan Province [2019JJ40043]; Science and Technology Program of Guangzhou [201904010249]; Science and Technology Program of Changsha [kq1907112],23,2020,Computer Science; Engineering; Telecommunications
"Bouabdellah, M; El Bouanani, F; Sofotasios, PC; Muhaidat, S; Da Costa, DB; Mezher, K; Ben-Azza, H; Karagiannidis, GK",Cooperative Energy Harvesting Cognitive Radio Networks With Spectrum Sharing and Security Constraints,IEEE ACCESS,Cognitive radio network; energy harvesting; maximum ratio combining; physical layer security; power splitting; interference; secrecy outage probability,"Physical layer security is an important and timely topic in the research of future wireless systems and it constitutes a part of the Internet of Things (IoT) notion. IoT oriented systems are largely characterized by a stringent quality of service and enhanced security requirements, which comes at a cost of increased computational complexity that needs to be maintained within sustainable levels. In the present contribution, we investigate the physical-layer security of a dual-hop energy RF-Powered cognitive radio network over realistic multipath fading conditions. Assuming a spectrum sharing scenario, our analysis assumes that a source S communicates with a destination D with the aid of a multi-antenna relay R and in the presence of an eavesdropper E who is attempting to overhear the communication of both S-R and R-D links. The involved relay is powered by the renewable energy harvested from the signal sent by the source based on the power-splitting energy harvesting strategy. Furthermore, the relay uses a maximum ratio combining technique to process effectively the received signals. In addition, owing to the underlying strategy, both S and R adjust their respective transmit powers in order to avoid causing interference to the primary network. By considering both the independent identically distributed and the independent but not necessarily identically distributed flat Rayleigh fading channels, closed-form expressions for the secrecy outage probability are derived, based on which an asymptotic analysis is carried out. Our results quantify the impact of the main key system parameters and point out the optimal values ensuring a high-security performance of such a communication system. The validity of the derived results is verified extensively through comparisons with respective Monte Carlo simulation results and useful theoretical and technical insights are developed which are expected to be useful in the design of future cooperative CRNs.","[Bouabdellah, Mounia; El Bouanani, Faissal] Mohammed V Univ Rabat, ENSIAS, Rabat 10000, Morocco; [Sofotasios, Paschalis C.; Muhaidat, Sami; Mezher, Kahtan] Khalifa Univ, Ctr Cyber Phys Syst, Dept Elect & Comp Engn, Abu Dhabi, U Arab Emirates; [Sofotasios, Paschalis C.] Tampere Univ, Dept Elect Engn, Tampere 33720, Finland; [Da Costa, Daniel Benevides] Fed Univ Ceara UFC, Dept Comp Engn, BR-62010560 Sobral, Brazil; [Ben-Azza, Hussain] Moulay Ismail Univ Meknes, ENSAM, Meknes 50500, Morocco; [Karagiannidis, George K.] Aristotle Univ Thessaloniki, Dept Elect & Comp Engn, Thessaloniki 51124, Greece",Mohammed V University in Rabat; Khalifa University of Science & Technology; Tampere University; Moulay Ismail University of Meknes; Aristotle University of Thessaloniki,"Khalifa University of Science and Technology [KU/RC1-C2PS-T2/8474000137, KU/FSU-8474000122]",23,2019,Computer Science; Engineering; Telecommunications
"Li, G; Liang, J; Joseph, T; An, T; Lu, JJ; Szechtman, M; Andersen, BR; Zhuang, QK",Feasibility and Reliability Analysis of LCC DC Grids and LCC/VSC Hybrid DC Grids,IEEE ACCESS,LCC-HVDC; VSC-HVDC; MMC; multi-terminal dc grid; reliability analysis; k-out-of-n,"Power system interconnections using high-voltage direct-current (HVDC) technologies between different areas can be an effective solution to enhance system efficiency and reliability. Particularly, the multi-terminal dc grids that could balance and ensure resource adequacy increase asset utilization and reduce costs. In this paper, the technical feasibility of building dc grids using the line-commutated converterbased (LCC) and voltage source converter-based (VSC) HVDC technologies is discussed. Apart from presenting the technical challenges of building LCC dc grids and LCC/VSC hybrid dc grids, the reliability modeling and analysis of theseDCgrids are also presented. First, the detailed reliability model of the modular multi-level converters (MMCs) with series-connected high-voltage and low-voltage bridges is developed. The active mode of redundancy design is considered for the reliability model. To this end, a comprehensive whole system reliability model of the studied systems is developed. The reliability model of each subsystem is modeled in detail. Various reliability indices are calculated using this whole system reliability model. The impacts of the redundancy design of the MMCs on these indices are presented. The studies of this paper provide useful guidance for dc grid design and reliability analysis.","[Li, Gen; Liang, Jun; Joseph, Tibin] Cardiff Univ, Sch Engn, Cardiff CF24 3AA, S Glam, Wales; [An, Ting; Lu, Jingjing] Global Energy Interconnect Res Inst, Beijing 102211, Peoples R China; [Szechtman, Marcio] Eletrobras Cepel, BR-26053121 Rio De Janeiro, Brazil; [Andersen, Bjarne R.] Andersen Power Elect Solut, Bexhill On Sea TN39 4QL, England; [Zhuang, Qikai] Europe GmbH, Global Energy Interconnect Res Inst, D-10623 Berlin, Germany",Cardiff University; Eletrobras Cepel,"Science and Technology Project of the State Grid Corporation of China, HVDC Systems/Grids for Transnational Interconnections [SGTYHT/16-JS-198]; EPSRCUK Research & Innovation (UKRI)Engineering & Physical Sciences Research Council (EPSRC) [EP/L021455/1] Funding Source: UKRI",50,2019,Computer Science; Engineering; Telecommunications
"Lin, CT; King, JT; Singh, AK; Gupta, A; Ma, ZY; Jheng-Wei-Lin; Machado, AMC; Appaji, A; Prasad, M",Voice Navigation Effects on Real-World Lane Change Driving Analysis Using an Electroencephalogram,IEEE ACCESS,Auditory instructions; EEG; in-car navigation; lane change; real-world driving,"Improving the degree of assistance given by in-car navigation systems is an important issue for the safety of both drivers and passengers. There is a vast body of research that assesses the usability and interfaces of the existing navigation systems but very few investigations study the impact on the brain activity based on navigation-based driving. In this paper, a real-world experiment is designed to acquire the electroencephalography (EEG) and in-car information to analyze the dynamic brain activity while the driver is performing the lane-changing task based on the auditory instructions from an in-car navigation system. The results show that auditory cues can influence the speed and increase the frontal EEG delta and beta power, which is related to motor preparation and decision making during a lane change. However, there were no significant results on the alpha power. A better lane-change assessment can be obtained using specific vehicle information (lateral acceleration and heading angle) with EEG features for future naturalized driving study.","[Lin, Chin-Teng; Singh, Avinash Kumar; Prasad, Mukesh] Univ Technol Sydney, FEIT, Ctr Artificial Intelligence, Sydney, NSW 2007, Australia; [King, Jung-Tai; Jheng-Wei-Lin] Natl Chiao Tung Univ, Brain Res Ctr, Hsinchu 30010, Taiwan; [Gupta, Akshansh] Jawaharlal Nehru Univ, Sch Computat & Integrat Sci, New Delhi 110067, India; [Ma, Zhenyuan] Guangdong Polytech Normal Univ, Sch Math & Syst Sci, Guangzhou 510665, Guangdong, Peoples R China; [Machado, Alexei Manso Correa] Pontificia Univ Catolica Minas Gerais, Dept Comp Sci, BR-30535901 Belo Horizonte, MG, Brazil; [Appaji, Abhishek] BMS Coll Engn, Dept Med Elect, Bengaluru 560019, India","University of Technology Sydney; National Yang Ming Chiao Tung University; Jawaharlal Nehru University, New Delhi; Guangdong Polytechnic Normal University; Pontificia Universidade Catolica de Minas Gerais; BMS College of Engineering","Australian Research CouncilAustralian Research Council [DP180100670, DP180100656]; Army Research LaboratoryUnited States Department of DefenseUS Army Research Laboratory (ARL) [W911NF-10-2-0022, W911NF-10-D-0002/TO 0023]; Taiwan Ministry of Science and Technology [MOST 106-2218-E-009-027-MY3, MOST 106-2221-E-009-016-MY2]",50,2018,Computer Science; Engineering; Telecommunications
"Mehmood, I; Ullah, A; Muhammad, K; Deng, DJ; Meng, WZ; Al-Turjman, F; Sajjad, M; de Albuquerque, VHC",Efficient Image Recognition and Retrieval on IoT-Assisted Energy-Constrained Platforms From Big Data Repositories,IEEE INTERNET OF THINGS JOURNAL,Big data; convolutional neural network; deep learning; energy-constrained platforms; image retrieval; Internet of Things (IoT),"The advanced computational capabilities of many resource constrained devices, such as smartphones have enabled various research areas including image retrieval from big data repositories for numerous Internet of Things (IoT) applications. The major challenges for image retrieval using smartphones in an IoT environment are the computational complexity and storage. To deal with big data in IoT environment for image retrieval, this paper proposes a light-weighted deep learning-based system for energy-constrained devices. The system first detects and crops face regions from an image using Viola-Jones algorithm with additional face and nonface classifier to eliminate the miss-detection problem. Second, the system uses convolutional layers of a cost effective pretrained CNN model with defined features to represent faces. Next, features of the big data repository are indexed to achieve a faster matching process for real-time retrieval. Finally, Euclidean distance is used to find similarity between query and repository images. For experimental evaluation, we created a local facial images dataset, including both single and group facial images. This dataset can be used by other researchers as a benchmark for comparison with other real-time facial image retrieval systems. The experimental results show that our proposed system outperforms other state-of-the-art feature extraction methods in terms of efficiency and retrieval for IoT-assisted energy-constrained platforms.","[Mehmood, Irfan; Muhammad, Khan] Sejong Univ, Sch Elect & Informat Engn, Dept Software, Seoul 143747, South Korea; [Ullah, Amin] Sejong Univ, Digital Contents Res Inst, Intelligent Media Lab, Seoul 143747, South Korea; [Deng, Der-Jiunn] Natl Changhua Univ Educ, Dept Comp Sci & Informat Engn, Changhua 500, Taiwan; [Meng, Weizhi] Tech Univ Denmark, Dept Appl Math & Comp Sci, DK-2800 Lyngby, Denmark; [Al-Turjman, Fadi] Antalya Bilim Univ, Coll Engn, TR-07190 Antalya, Turkey; [Sajjad, Muhammad] Islamia Coll, Dept Comp Sci, Digital Image Proc Lab, Peshawar 25000, Pakistan; [de Albuquerque, Victor Hugo C.] Univ Fortaleza, Grad Program Appl Informat, BR-60811 Fortaleza, Ceara, Brazil",Sejong University; Sejong University; National Changhua University of Education; Technical University of Denmark; Antalya Bilim University; University of Peshawar; Universidade Fortaleza,National Research Foundation of Korea through the Korea Government (Ministry of Science and ICT) [2018R1C1B5086294],49,2019,Computer Science; Engineering; Telecommunications
"Lin, K; Li, CS; Fortino, G; Rodrigues, JJPC",Vehicle Route Selection Based on Game Evolution in Social Internet of Vehicles,IEEE INTERNET OF THINGS JOURNAL,Game evolution; social clustering; Social Internet of Vehicles (SIoV); traffic management; vehicle route selection,"Social development and technological advances have enabled the Internet of Vehicles (IoV) to combine the social factors to form a new intelligent transportation system: Social IoV (SIoV). The emergence of SIoV helps to find new traffic management solutions of the serious problems caused by the ever-increasing traffic flow. In this paper, we propose an algorithm called social vehicle route selection (SVRS) to reduce traffic congestion and achieve the purpose of traffic flow control. First, a social clustering method for SIoV is designed by utilizing both historical and current driving information. Then we use game evolution to calculate the optimal route for vehicles, and prove the vehicle route selection game is a potential game and its strategy selection converges to Nash equilibrium. Extensive simulations are carried out to evaluate the SVRS with several performance criteria. Our analysis and simulation results demonstrate that SVRS algorithm can achieve high performance in clustering the vehicles and reducing traffic congestion.","[Lin, Kai; Li, Chensi] Dalian Univ Technol, Sch Comp Sci & Technol, Dalian 116024, Peoples R China; [Fortino, Giancarlo] Univ Calabria, Dept Informat Modeling Elect & Syst, I-87036 Arcavacata Di Rende, Italy; [Rodrigues, Joel J. P. C.] Natl Inst Telecommun, Dept Postgrad, BR-37540000 Santa Rita Do Sapucal, Brazil; [Rodrigues, Joel J. P. C.] Inst Telecomunicacoes, P-1049001 Lisbon, Portugal; [Rodrigues, Joel J. P. C.] ITMO Univ, Dept Photon & Optoinformat, St Petersburg 197101, Russia; [Rodrigues, Joel J. P. C.] Univ Fortaleza, Dept Programa Posgrad Informat AplicadaI, BR-60811905 Fortaleza, Ceara, Brazil",Dalian University of Technology; University of Calabria; Instituto Nacional de Telecomunicacoes (INATEL); Instituto de Telecomunicacoes; ITMO University; Universidade Fortaleza,"Fundamental Research Funds for the Central UniversitiesFundamental Research Funds for the Central Universities [DUT16QY18]; National Natural Science Foundation of ChinaNational Natural Science Foundation of China (NSFC) [61425002, 61751203]; Fundacao para a Ciencia e a TecnologiaPortuguese Foundation for Science and TechnologyEuropean Commission [UID/EEA/50008/2013]; Government of the Russian Federation [074-U01]; FinepFinanciadora de Inovacao e Pesquisa (Finep); Funttel [01.14.0231.00]; Centro de Referencia em Radiocomunicacoes project of the Instituto Nacional de Telecomunicacoes; Brazilian National Council for Research and Development [309335/2017-5]",28,2018,Computer Science; Engineering; Telecommunications
